NAME,Tipo de Pesticida,No.
Clc1c(C(=O)[O-])c(Cl)ccc1Cl,Herbicida,1
Clc1cc(Cl)ccc1OCC(=O)[O-],Herbicida,2
Clc1cc(Cl)ccc1OCCCC(=O)[O-],Herbicida,3
ClCC(=O)N(COCC)c1c(cccc1C)CC,Herbicida,4
Clc1cc(ccc1Oc1cc(C(=O)[O-])c([N+](=O)[O-])cc1)C(F)(F)F,Herbicida,5
Clc1c(N)c([N+](=O)[O-])ccc1Oc1ccccc1,Herbicida,6
ClCC(=O)N(COC)c1c(cccc1CC)CC,Herbicida,7
O=C\1[C@H](C(OC)=O)C(CC(=O)/C/1=C(/NOCC=C)\CCC)(C)C,Herbicida,8
S(C)c1nc(nc(n1)NCC)NC(C)C,Herbicida,9
S(=O)(=O)(N(S(=O)([O-])=NC(=O)Nc1nc(OC)cc(OC)n1)C)C,Herbicida,10
[nH]1ncnc1N,Herbicida,11
Clc1nc(nc(n1)NCC)NC(C)C,Herbicida,12
Clc1cc(Cl)c(OCC#C)cc1N1N=C2N(CCCC2)C1=O,Herbicida,13
S(=O)([O-])(=NC(=O)Nc1nc(OC)cc(OC)n1)c1n(ncc1-c1nn(nn1)C)C,Herbicida,14
Fc1ccc(O[C@@H](CC)C(=O)NCc2ccccc2)cc1C(F)(F)F,Herbicida,15
Clc1c2N(CC(=O)[O-])C(Sc2ccc1)=O,Herbicida,16
FC(F)(F)c1cc([N+](=O)[O-])c(N(CCCC)CC)c([N+](=O)[O-])c1,Herbicida,17
S(Oc1cc2c(OCC2(C)C)cc1)(=O)(=O)CC,Herbicida,18
S(=O)([O-])(=NC(=O)Nc1nc(OC)cc(OC)n1)Cc1ccccc1C(OC)=O,Herbicida,19
S(=O)(=O)(NCCSP(=S)(OC(C)C)OC(C)C)c1ccccc1,Herbicida,20
S1(=O)(=O)Nc2c(cccc2)C(=O)N1C(C)C,Herbicida,21
Clc1cc(Cl)ccc1Oc1cc(C(OC)=O)c([N+](=O)[O-])cc1,Herbicida,22
O(c1cccc(Oc2nc(OC)cc(OC)n2)c1C(=O)[O-])c1nc(OC)cc(OC)n1,Herbicida,23
BrC=1C(=O)N([C@H](CC)C)C(=O)NC=1C,Herbicida,24
BrC1=CC(C=C(Br)C1=O)=CNOc1ccc([N+](=O)[O-])cc1[N+](=O)[O-],Herbicida,25
Brc1cc(cc(Br)c1O)C#N,Herbicida,26
ClCC(=O)N(COCCCC)c1c(cccc1CC)CC,Herbicida,27
O=[N+]([O-])c1cc(cc([N+](=O)[O-])c1N[C@H](CC)C)C(C)(C)C,Herbicida,28
S(CC)C(=O)N(CC(C)C)CC(C)C,Herbicida,29
Clc1cc(F)c(N2N=C(N(C(F)F)C2=O)C)cc1C[C@H](Cl)C(OCC)=O,Herbicida,30
Clc1cc(Cl)ccc1Oc1cc(OC)c([N+](=O)[O-])cc1,Herbicida,31
Clc1c(cc(Cl)cc1N)C(=O)[O-],Herbicida,32
Brc1ccc(NC(=O)N(OC)C)cc1Cl,Herbicida,33
ClC=1C(=O)N(N=CC=1N)c1ccccc1,Herbicida,34
Clc1cc(NC(=O)N(C)C)ccc1C,Herbicida,35
Clc1ccc(Oc2ccc(NC(=O)NC)cc2)cc1,Herbicida,36
Clc1ccccc1S(=O)([O-])=NC(=O)Nc1nc(nc(OC)n1)C,Herbicida,37
Clc1c(C(OC)=O)c(Cl)c(Cl)c(C(OC)=O)c1Cl,Herbicida,38
Clc1ccc(N2C(=O)C3=C(CCCC3)C2=O)cc1\C=C(\Cl)/C(OCC)=O,Herbicida,39
S(=O)([O-])(=NC(=O)Nc1nc(OC)nc(OC)n1)c1ccccc1OCCOC,Herbicida,40
Cl\C=C\CON\C(\CC)=C\1/C(=O)CC(CC/1=O)C[C@H](SCC)C,Herbicida,41
Clc1cc(F)c(Oc2ccc(O[C@@H](C(OCC#C)=O)C)cc2)nc1,Herbicida,42
Clc1ccccc1CN1OCC(C)(C)C1=O,Herbicida,43
Clc1ccc(Cl)nc1C(=O)[O-],Herbicida,44
Clc1nc(nc(n1)NCC)NC(C#N)(C)C,Herbicida,45
S(CC)C(=O)N(CC)C1CCCCC1,Herbicida,46
S1C[C@H](CCC1)C1CC(=O)\C(=C(/NOCC)\CCC)\C(=O)C1,Herbicida,47
Fc1cc(ccc1Oc1ccc(O[C@@H](C(OCCCC)=O)C)cc1)C#N,Herbicida,48
ClC(Cl)(C(=O)[O-])C,Herbicida,49
O(C(=O)Nc1ccccc1)c1cc(NC(OCC)=O)ccc1,Herbicida,50
S(C)c1nc(nc(n1)NC)NC(C)C,Herbicida,51
Cl\C(=C/Cl)\CSC(=O)N(C(C)C)C(C)C,Herbicida,52
Clc1ccc(Cl)c(OC)c1C(=O)[O-],Herbicida,53
Clc1cc(Cl)ccc1O[C@H](C(=O)[O-])C,Herbicida,54
Clc1cc(Cl)ccc1O[C@@H](C(=O)[O-])C,Herbicida,55
Clc1cc(Cl)ccc1Oc1ccc(O[C@H](C(OC)=O)C)cc1,Herbicida,56
Fc1cc(F)ccc1NC(=O)c1cccnc1Oc1cc(ccc1)C(F)(F)F,Herbicida,57
Clc1cc(NC(=O)N(C)C)ccc1N1N=C(OC1=O)C(C)(C)C,Herbicida,58
S(C(C)(C)c1ccccc1)C(=O)N1CCCCC1,Herbicida,59
ClCC(=O)N(CCOC)c1c(cccc1C)C,Herbicida,60
ClCC(=O)N([C@H](COC)C)c1c(csc1C)C,Herbicida,61
ClCC(=O)N([C@H](COC)C)c1c(csc1C)C,Herbicida,62
FC(F)(F)c1cc([N+](=O)[O-])c(N(CC)CC)c([N+](=O)[O-])c1N,Herbicida,63
O=C(N(C)C)C(c1ccccc1)c1ccccc1,Herbicida,64
S(C(=O)c1c(CC(C)C)c(C(SC)=O)c(nc1C(F)(F)F)C(F)F)C,Herbicida,65
Clc1cc(NC(=O)N(C)C)ccc1Cl,Herbicida,66
S(CC)C(=O)N(CCC)CCC,Herbicida,67
FC(F)(F)c1cc([N+](=O)[O-])c(N(CC(C)=C)CC)c([N+](=O)[O-])c1,Herbicida,68
S(Oc1cc2c(O[C@H](OCC)C2(C)C)cc1)(=O)(=O)C,Herbicida,69
S(Oc1ccccc1OCC)(=O)([O-])=NC(=O)Nc1nc(OC)cc(OC)n1,Herbicida,70
Clc1cc(Cl)c(Cl)cc1O[C@@H](C(=O)[O-])C,Herbicida,71
Clc1cc2oc(Oc3ccc(O[C@@H](C(OCC)=O)C)cc3)nc2cc1,Herbicida,72
Clc1cc2oc(Oc3ccc(O[C@@H](C(OCC)=O)C)cc3)nc2cc1,Herbicida,73
O=C(Nc1ccccc1)N(C)C,Herbicida,74
S(=O)([O-])(=NC(=O)Nc1nc(OC)cc(OC)n1)c1ncccc1C(F)(F)F,Herbicida,75
S(=O)(=O)(Nc1c(F)cccc1F)c1nc2n(n1)C(OC)=NC=C2F,Herbicida,76
FC(F)(F)c1ccc(Oc2ccc(O[C@@H](C(OCCCC)=O)C)cc2)nc1,Herbicida,77
Brc1c(nn(C)c1C(F)(F)F)-c1cc(C(OC(C)C)=O)c(Cl)cc1F,Herbicida,78
s1c(nnc1OCC(=O)N(C(C)C)c1ccc(F)cc1)C(F)(F)F,Herbicida,79
S(=O)(=O)(Nc1c(F)cccc1F)c1nc2n(n1)C=CC(=N2)C,Herbicida,80
Fc1cc2OCC(=O)N(c2cc1N1C(=O)C2=C(CCCC2)C1=O)CC#C,Herbicida,81
FC(F)(F)c1cc(NC(=O)N(C)C)ccc1,Herbicida,82
Clc1cc(ccc1Oc1cc(C(OCC(=O)[O-])=O)c([N+](=O)[O-])cc1)C(F)F,Herbicida,83
S(=O)([O-])(=NC(=O)Nc1nc(OC)cc(OC)n1)c1nc(ccc1C(OC)=O)C(F)(F)F,Herbicida,84
FC(F)(F)c1cc(ccc1)C1=CN(C=C(C1=O)c1ccccc1)C,Herbicida,85
Cl[C@@H]1[C@H](CN(C1=O)c1cc(ccc1)C(F)(F)F)CCl,Herbicida,86
Clc1c(N)c(Cl)c(F)[nH+]c1OCC(=O)[O-],Herbicida,87
FC(F)(F)c1cc(ccc1)C=1C(=O)[C@H](OC=1NC)c1ccccc1,Herbicida,88
Clc1cc(ccc1Oc1cc(C(=O)N=S(=O)([O-])C)c([N+](=O)[O-])cc1)C(F)(F)F,Herbicida,89
S(=O)([O-])(=NC(=O)Nc1nc(OC)cc(OC)n1)c1cc(NC=O)ccc1C(=O)N(C)C,Herbicida,90
Clc1cc(cnc1Oc1ccc(O[C@@H](C(=O)[O-])C)cc1)C(F)(F)F,Herbicida,91
O=C1N(C2CCCCC2)C(=O)N=C(N(C)C)N1C,Herbicida,92
O=C1NC(=N[C@]1(C(C)C)C)c1ccc(cc1C(OC)=O)C,Herbicida,93
O=C1NC(=N[C@]1(C(C)C)C)c1ncc(cc1C(=O)[O-])COC,Herbicida,94
O=C1NC(=N[C@]1(C(C)C)C)c1ncc(cc1C(=O)[O-])COC,Herbicida,95
O=C1NC(=N[C@@]1(C(C)C)C)c1nc2c(cc1C(=O)[O-])cccc2,Herbicida,96
O=C1NC(=N[C@]1(C(C)C)C)c1ncc(cc1C(=O)[O-])CC,Herbicida,97
Clc1nc2n(C=CC=C2)c1S(=O)([O-])=NC(=O)Nc1nc(OC)cc(OC)n1,Herbicida,98
Ic1cc(S(=O)([O-])=NC(=O)Nc2nc(nc(OC)n2)C)c(cc1)C(OC)=O,Herbicida,99
Ic1cc(cc(I)c1O)C#N,Herbicida,100
O=C(Nc1ccc(cc1)C(C)C)N(C)C,Herbicida,101
S(=O)(=O)(C)c1cc(ccc1C(=O)c1cnoc1C1CC1)C(F)(F)F,Herbicida,102
O=C1N(C2CCCCC2)C(=O)NC2=C1CCC2,Herbicida,103
Clc1cc(NC(=O)N(OC)C)ccc1Cl,Herbicida,104
Clc1cc(C)c(OCC(=O)[O-])cc1,Herbicida,105
Clc1cc(C)c(OCCCC(=O)[O-])cc1,Herbicida,106
Clc1cc(C)c(O[C@H](C(=O)[O-])C)cc1,Herbicida,107
Clc1cc(C)c(O[C@@H](C(=O)[O-])C)cc1,Herbicida,108
s1c2c(nc1OCC(=O)N(C)c1ccccc1)cccc2,Herbicida,109
S(=O)([O-])(=NC(=O)Nc1nc(OC)cc(OC)n1)c1cc(ccc1C(OC)=O)CNS(=O)(=O)C,Herbicida,110
S(=O)(=O)(C)c1cc([N+](=O)[O-])c(cc1)C(=O)C1C(=O)CCCC1=O,Herbicida,111
O=C1N(N)C(=NN=C1c1ccccc1)C,Herbicida,112
ClCC(=O)N(Cn1nccc1)c1c(cccc1C)C,Herbicida,113
s1c2c(nc1N(C(=O)NC)C)cccc2,Herbicida,114
Brc1ccc(NC(=O)N(OC)C)cc1,Herbicida,115
ClCC(=O)N([C@@H](COC)C)c1c(cccc1C)CC,Herbicida,116
Clc1c(NS(=O)(=O)c2nc3n(n2)C(OC)=CC(OC)=N3)c(Cl)ccc1C,Herbicida,117
Clc1cc(NC(=O)N(C)C)ccc1OC,Herbicida,118
S(C)C1=NN=C(C(C)(C)C)C(=O)N1N,Herbicida,119
S(=O)([O-])(=NC(=O)Nc1nc(nc(OC)n1)C)c1ccccc1C(OC)=O,Herbicida,120
S(CC)C(=O)N1CCCCCC1,Herbicida,121
Clc1ccc(NC(=O)N(OC)C)cc1,Herbicida,122
O([C@@H](C(=O)N(CC)CC)C)c1c2c(ccc1)cccc2,Herbicida,123
Clc1cc(NC(=O)N(CCCC)C)ccc1Cl,Herbicida,124
S(=O)([O-])(=NC(=O)Nc1nc(OC)cc(OC)n1)c1ncccc1C(=O)N(C)C,Herbicida,125
ClC=1C(=O)N(N=CC=1NC)c1cc(ccc1)C(F)(F)F,Herbicida,126
Clc1ccccc1CSC(=O)N(CC)CC,Herbicida,127
S(=O)(=O)(N)c1cc([N+](=O)[O-])c(N(CCC)CCC)c([N+](=O)[O-])c1,Herbicida,128
Clc1cc(Cl)c(OCC#C)cc1N1N=C(OC1=O)C(C)(C)C,Herbicida,129
Clc1cc(Cl)c(OC(C)C)cc1N1N=C(OC1=O)C(C)(C)C,Herbicida,130
S(=O)([O-])(=NC(=O)Nc1nc(cc(n1)C)C)c1ccccc1C(OC1COC1)=O,Herbicida,131
Clc1cc(ccc1Oc1cc(OCC)c([N+](=O)[O-])cc1)C(F)(F)F,Herbicida,132
S(CCC)C(=O)N(CCCC)CC,Herbicida,133
O=[N+]([O-])c1c(C)c(cc([N+](=O)[O-])c1NC(CC)CC)C,Herbicida,134
S(=O)(=O)(Nc1nc2n(n1)C(OC)=NC=C2OC)c1c(cccc1OCC(F)F)C(F)(F)F,Herbicida,135
Clc1cc(NC(=O)[C@H](CCC)C)ccc1C,Herbicida,136
O(C(=O)Nc1cc(ccc1)C)c1cc(NC(OC)=O)ccc1,Herbicida,137
Clc1c(N)c(Cl)c(Cl)[nH+]c1C(=O)[O-],Herbicida,138
Fc1ccc(NC(=O)c2nc(Oc3cc(ccc3)C(F)(F)F)ccc2)cc1,Herbicida,139
O1CCN2N(CC1)C(OC(=O)C(C)(C)C)=C(c1c(cc(cc1CC)C)CC)C2=O,Herbicida,140
ClCC(=O)N(CCOCCC)c1c(cccc1CC)CC,Herbicida,141
S(=O)([O-])(=NC(=O)Nc1nc(OC(F)F)cc(OC(F)F)n1)c1ccccc1C=O,Herbicida,142
O(C)c1nc(nc(n1)NC(C)C)NC(C)C,Herbicida,143
S(C)c1nc(nc(n1)NC(C)C)NC(C)C,Herbicida,144
ClCC(=O)N(C(C)C)c1ccccc1,Herbicida,145
Clc1cc(NC(=O)CC)ccc1Cl,Herbicida,146
Clc1cc2ncc(Oc3ccc(O[C@@H](C(OCCO\N=C(\C)/C)=O)C)cc3)nc2cc1,Herbicida,147
Clc1nc(nc(n1)NC(C)C)NC(C)C,Herbicida,148
S(=O)(=O)(\N=C(/[O-])\N1N=C(OCCC)N(C)C1=O)c1ccccc1C(OC)=O,Herbicida,149
Clc1cc(cc(Cl)c1)C(=O)NC(C#C)(C)C,Herbicida,150
S(Cc1ccccc1)C(=O)N(CCC)CCC,Herbicida,151
S(=O)([O-])(=NC(=O)Nc1nc(nc(OC)n1)C)c1ccccc1CCC(F)(F)F,Herbicida,152
Clc1c(nn(C)c1OC(F)F)-c1cc(OCC(OCC)=O)c(Cl)cc1F,Herbicida,153
Clc1cc(Cl)ccc1C(=O)c1c(nn(C)c1OCC(=O)c1ccccc1)C,Herbicida,154
Clc1nnc(-c2ccccc2)c(OC(SCCCCCCCC)=O)c1,Herbicida,155
Clc1ccc2c(ncc(c2)C)c1C(=O)[O-],Herbicida,156
Clc1cc2ncc(Oc3ccc(O[C@@H](C(OCC)=O)C)cc3)nc2cc1,Herbicida,157
Clc1cc2ncc(Oc3ccc(O[C@@H](C(OC[C@@H]4OCCC4)=O)C)cc3)nc2cc1,Herbicida,158
S(=O)(=O)(CC)c1cccnc1S(=O)([O-])=NC(=O)Nc1nc(OC)cc(OC)n1,Herbicida,159
S([C@@H](CC1CC(=O)\C(=C(/NOCC)\CCC)\C(=O)C1)C)CC,Herbicida,160
O=C(Nc1ccccc1)N[C@@H]1CCCC[C@@H]1C,Herbicida,161
Clc1nc(nc(n1)NCC)NCC,Herbicida,162
Clc1cc(S(=O)(=O)C)ccc1C(=O)C1C(=O)CCCC1=O,Herbicida,163
Clc1cc(Cl)c(NS(=O)(=O)C)cc1N1N=C(N(C(F)F)C1=O)C,Herbicida,164
S(=O)(=O)(CC)c1nc2n(C=CC=C2)c1S(=O)([O-])=NC(=O)Nc1nc(OC)cc(OC)n1,Herbicida,165
ClC(Cl)(Cl)C(=O)[O-],Herbicida,166
O=C(N(Cc1ccccc1)C(C)C)C(C)(C)C,Herbicida,167
s1c(nnc1N(C(=O)NC)C)C(C)(C)C,Herbicida,168
Cl\C=C\CO\N=C(/CC)\C=1C(=O)C[C@@H](CC=1[O-])C1CCOCC1,Herbicida,169
ClC=1C(=O)N(C(C)(C)C)C(=O)NC=1C,Herbicida,170
O(C)c1nc(nc(n1)NCC)NC(C)(C)C,Herbicida,171
Clc1nc(nc(n1)NCC)NC(C)(C)C,Herbicida,172
S(C)c1nc(nc(n1)NCC)NC(C)(C)C,Herbicida,173
S1CCN=C1c1c(CC(C)C)c(C(OC)=O)c(nc1C(F)(F)F)C(F)F,Herbicida,174
s1nncc1[N-]C(=O)Nc1ccccc1,Herbicida,175
s1ccc(S(=O)([O-])=NC(=O)Nc2nc(nc(OC)n2)C)c1C(OC)=O,Herbicida,176
Clc1ccc(cc1)CSC(=O)N(CC)CC,Herbicida,177
S(Cc1ccccc1)C(=O)N([C@@H](CC)C)[C@@H](CC)C,Herbicida,178
O=C\1CC(CC(=O)/C/1=C(/NOCC)\CC)c1c(cc(cc1C)C)C,Herbicida,179
ClCCOc1ccccc1S(=O)([O-])=NC(=O)Nc1nc(nc(OC)n1)C,Herbicida,180
S(=O)([O-])(=NC(=O)N(C)c1nc(nc(OC)n1)C)c1ccccc1C(OC)=O,Herbicida,181
Clc1cc(Cl)c(Cl)nc1OCC(=O)[O-],Herbicida,182
Clc1nc(nc(n1)NCC)N(CC)CC,Herbicida,183
FC(F)(F)c1cc([N+](=O)[O-])c(N(CCC)CCC)c([N+](=O)[O-])c1,Herbicida,184
S(=O)([O-])(=NC(=O)Nc1nc(nc(OCC(F)(F)F)n1)N(C)C)c1c(cccc1C)C(OC)=O,Herbicida,185
S(=O)([O-])(=NC(=O)Nc1nc(nc(OC)n1)C(F)(F)F)c1ccccc1C(F)(F)F,Herbicida,186
S(CCC)C(=O)N(CCC)CCC,Herbicida,187
ClC(Cl)(Cl)C(=O)[O-],Herbicida,188
Brc1cc(cc(Br)c1OC(=O)CCCCCCC)C#N,Herbicida,189
Fc1cc(ccc1Oc1ccc(O[C@@H](C(=O)[O-])C)cc1)C#N,Herbicida,190
Clc1cc(Cl)ccc1Oc1ccc(O[C@H](C(=O)[O-])C)cc1,Herbicida,191
Clc1cc(ccc1Oc1cc(C(=O)[O-])c([N+](=O)[O-])cc1)C(F)(F)F,Herbicida,192
S(=O)(=O)(c1c(cc(cc1C)C)C)c1ncn(n1)C(=O)N(CC)CC,Herbicida,193
S(=O)([O-])(=NC(=O)Nc1nc(OC)cc(OC)n1)c1cc(ccc1C(=O)[O-])CNS(=O)(=O)C,Herbicida,194
ClC=1NN=C(C(=O)C=1)c1ccccc1,Herbicida,195
s1ccc(S(=O)([O-])=NC(=O)Nc2nc(nc(OC)n2)C)c1C(=O)[O-],Herbicida,196
ClCC(=O)N(\C(=C(/C)\C)\c1ccccc1)CCOCC,Herbicida,197
FC(F)(F)C=1N(C)C(=O)N(C(=O)C=1)c1ccc(OCc2ccc(cc2O[C@H](C(OC)=O)C)CC)cc1,Herbicida,198
ClCC(=O)N([C@H](COC)C)c1c(cccc1C)CC,Herbicida,199
Clc1ccc(O[C@@H](CON\C(\CCC)=C\2/C(=O)CC(CC/2=O)[C@H]2CCCSC2)C)cc1,Herbicida,200
Clc1cccc(Sc2nc(OC)cc(OC)n2)c1C(=O)[O-],Herbicida,201
Brc1cc(cc(Br)c1OC(=O)CCCCCC)C#N,Herbicida,202
Ic1cc(cc(I)c1O)C#N,Herbicida,203
Clc1cc(cnc1Oc1ccc(O[C@@H](C(=O)[O-])C)cc1)C(F)(F)F,Herbicida,204
Clc1cc(cnc1Oc1ccc(O[C@@H](C(OCCOCC)=O)C)cc1)C(F)(F)F,Herbicida,205
Clc1cc(cnc1Oc1ccc(O[C@@H](C(OC)=O)C)cc1)C(F)(F)F,Herbicida,206
Clc1c2N(CC(OCC)=O)C(Sc2ccc1)=O,Herbicida,207
O=C1C[C@@H](CC([O-])=C1/C(=N/OCC)/CC)c1c(C)c(C(=O)CCC)c(cc1C)C,Herbicida,208
Clc1nn(C)c(S(=O)([O-])=NC(=O)Nc2nc(OC)cc(OC)n2)c1C(OC)=O,Herbicida,209
Clc1c(N)c(Cl)c(F)[nH+]c1OCC(O[C@@H](CCCCCC)C)=O,Herbicida,210
Clc1cc(C)c(OCC(SCC)=O)cc1,Herbicida,211
S(=O)(=O)(Nc1nc2n(n1)C(OC)=CC(OC)=N2)c1c(ccnc1OC)C(F)(F)F,Herbicida,212
Clc1nc(nc(OC)c1)NC(=O)N=S(=O)([O-])c1ccccc1C(OCC)=O,Herbicida,213
S(=O)([O-])(=NC(=O)Nc1nc(nc(OCC)n1)NC)c1ccccc1C(OC)=O,Herbicida,214
S(=O)([O-])(Nc1ccccc1C(=O)C1CC1)=NC(=O)Nc1nc(OC)cc(OC)n1,Herbicida,215
S(=O)([O-])(=NC(=O)Nc1nc(OC)cc(OC)n1)c1n(ncc1C(OCC)=O)C,Herbicida,216
S(=O)([O-])(=NC(=O)Nc1nc(cc(n1)C)C)c1ccccc1C(OC)=O,Herbicida,217
S(=O)([O-])(=NC(=O)Nc1nc(OC)cc(OC)n1)c1ncccc1OCC(F)(F)F,Herbicida,218
S(=O)([O-])(=NC(=O)Nc1nc(OC)cc(OC)n1)c1ncccc1OCC(F)(F)F,Herbicida,219
O=C1NC(=N[C@]1(C(C)C)C)c1ncc(cc1C(=O)[O-])C,Herbicida,220
Clc1cccc(C(OC)=O)c1NS(=O)(=O)c1nc2n(n1)C(OCC)=NC(F)=C2,Herbicida,221
Clc1cccc(Cl)c1NS(=O)(=O)c1nc2n(n1)C(OCC)=NC(F)=C2,Herbicida,222
O(c1cccc(Oc2nc(OC)cc(OC)n2)c1C(O\N=C(\c1ccccc1)/c1ccccc1)=O)c1nc(OC)cc(OC)n1,Herbicida,223
S(c1c2c(ccc1)[C@@H](OC2=O)C)c1nc(OC)cc(OC)n1,Herbicida,224
S(=O)(=O)(\N=C(/[O-])\N1N=C(OC)N(C)C1=O)c1ccccc1OC(F)(F)F,Herbicida,225
S(C)c1nc(nc(n1)N[C@@H](C(C)C)C)NCC,Herbicida,226
O=C1N(N)C(=NN1C(=O)NC(C)(C)C)C(C)C,Herbicida,227
Clc1cc(ccc1Oc1cc(C(O[C@H](CC)C(OCC)=O)=O)c([N+](=O)[O-])cc1)C(F)(F)F,Herbicida,228
Clc1cc(F)c(N2C(=O)C3=C(CCCC3)C2=O)cc1OCC(OCCCCC)=O,Herbicida,229
Clc1cc(F)c(N2C(=O)/C(/OC2=O)=C(/C)\C)cc1OC1CCCC1,Herbicida,230
Clc1ccc(N2C(=O)C=C(N(C)C2=O)C(F)(F)F)cc1C(OC(C(OCC=C)=O)(C)C)=O,Herbicida,231
Clc1c2n(nc1-n1ncc(C#N)c1N(CC#C)C)CCCC2,Herbicida,232
Clc1c(C)c(Cl)ccc1C(=O)c1c(nn(C)c1OCC(=O)c1ccc(cc1)C)C,Herbicida,233
Clc1cc(S(=O)(=O)C)ccc1C(=O)C=1C(=O)[C@@H]2CC[C@@H](C2)C=1Sc1ccccc1,Herbicida,234
ClCC(=O)N(Cc1sccc1OC)c1c(cccc1C)C,Herbicida,235
O([C@@H](C(=O)Nc1ccccc1)C)c1cc2c(cc1)cccc2,Herbicida,236
Clc1ccccc1N1N=NN(C(=O)N(CC)C2CCCCC2)C1=O,Herbicida,237
Clc1ccc(N(C(C)C)C(=O)CSP(=S)(OC)OC)cc1,Herbicida,238
S(P(=S)(OCCC)OCCC)CC(=O)N1CCCC[C@H]1C,Herbicida,239
S(Cc1ccccc1)C(=O)N([C@@H](C(C)C)C)CC,Herbicida,240
FC(F)(C(=O)[O-])C(F)F,Herbicida,241
ClCC(=O)N(CC=C)CC=C,Herbicida,242
s1cc(C(OC)=O)c(S(=O)([O-])=NC(=O)N2N=C(OC)N(C)C2=O)c1C,Herbicida,243
s1c(nnc1S(=O)(=O)CC)N(C(=O)NC)C,Herbicida,244
S(C)c1nc(nc(n1)NCC)NCC,Herbicida,245
S(=O)(=O)(Cc1c(nn(C)c1OC(F)F)C(F)(F)F)C1=NOC(C1)(C)C,Herbicida,246
S(C(C)C)C(=O)N1CCCCCC1,Herbicida,247
Br[C@H](C(C)(C)C)C(=O)NC(C)(C)c1ccccc1,Herbicida,248
ClCC(=O)N(COC(C)C)c1c(cccc1C)CC,Herbicida,249
Clc1cc(F)c(Oc2ccc(O[C@@H](C(=O)[O-])C)cc2)nc1,Herbicida,250
S(=O)([O-])(=NC(=O)Nc1nc(OC)cc(OC)n1)c1cccnc1[C@@H](OC(=O)COC)[C@H](F)C,Herbicida,251
Clc1cc(F)c(\N=C/2\SC(=O)N3N\2CCCC3)cc1SCC(OC)=O,Herbicida,252
Clc1nc(nc(n1)N[C@@H](CC)C)NCC,Herbicida,253
O=C1NC(=N[C@@]1(C(C)C)C)c1cc(ccc1C(=O)[O-])C,Herbicida,254
S(C)c1nc(nc(n1)NCCCOC)NC(C)C,Herbicida,255
S(=O)([O-])(=NC(=O)Nc1nc(OC)cc(OC)n1)Cc1ccccc1C(=O)[O-],Herbicida,256
S(=O)([O-])(=NC(=O)Nc1nc(OC)cc(OC)n1)c1nc(ccc1C(=O)[O-])C(F)(F)F,Herbicida,257
Ic1cc(S(=O)([O-])=NC(=O)Nc2nc(nc(OC)n2)C)c(cc1)C(=O)[O-],Herbicida,258
S(=O)([O-])(=NC(=O)Nc1nc(nc(OC)n1)C)c1ccccc1C(=O)[O-],Herbicida,259
S(=O)([O-])(=NC(=O)N(C)c1nc(nc(OC)n1)C)c1ccccc1C(=O)[O-],Herbicida,260
S(=O)([O-])(=NC(=O)Nc1nc(nc(OCC(F)(F)F)n1)N(C)C)c1c(cccc1C)C(=O)[O-],Herbicida,261
Clc1c(nn(C)c1OC(F)F)-c1cc(OCC(=O)[O-])c(Cl)cc1F,Herbicida,262
S(=O)([O-])(=NC(=O)N1N=C(OCCC)N(C)C1=O)c1ccccc1C(OC)=O,Herbicida,263
S(SC(=S)OC)C(=S)OC,Herbicida,264
O1\C(=C/N(C)C)\C(=C(C#N)C1=O)c1ccccc1,Herbicida,265
Clc1cc(F)c(N2N=CC(C(F)(F)F)=C(C)C2=O)cc1OCC(OCC)=O,Herbicida,266
O(c1cccc(/C(=N/OC)/C)c1C(OC)=O)c1nc(OC)cc(OC)n1,Herbicida,267
ClC(Cl)(C(=O)[O-])C,Herbicida,268
S(=O)([O-])(=NC(=O)Nc1nc(OC(F)F)cc(OC(F)F)n1)c1ccccc1C(OC)=O,Herbicida,269
ClCC(=O)N(COCCCC)c1c(cccc1C)C(C)(C)C,Herbicida,270
FC(F)(F)c1nc(COCCOC)c(cc1)C(=O)C=1C(=O)[C@@H]2CC[C@H](C2)C=1[O-],Herbicida,271
Clc1cc(OCC)c(Cl)cc1CS(=O)(=O)C1=NOC(C1)(C)C,Herbicida,272
S=P(Oc1cc(ccc1[N+](=O)[O-])C)(OCC)N[C@@H](CC)C,Herbicida,273
Clc1c(C)c(Cl)ccc1O[C@H](C(=O)Nc1ccccc1)C,Herbicida,274
S=P(Oc1ccc(cc1[N+](=O)[O-])C)(OC)NC(C)C,Herbicida,275
O(C)c1nc(nc(n1)NCC)NC(C)C,Herbicida,276
S(=O)(=O)(Nc1cc(N2N=C(N(C)C2=O)C(F)(F)F)c(F)cc1C(=S)N)CC,Herbicida,277
ClC(Cl)(C(=O)[O-])CCl,Herbicida,278
ClCC(=O)N(CC(OCC)=O)c1c(cccc1CC)CC,Herbicida,279
Ic1cc(cc(I)c1[O-])C#N,Herbicida,280
Ic1cc(cc(I)c1[O-])C#N,Herbicida,281
Clc1cc(Cl)c(Cl)nc1OCC(OCCOCCCC)=O,Herbicida,282
Clc1cc(Cl)c(Cl)nc1OCC(=O)[O-],Herbicida,283
Clc1cc2sc(Oc3ccc(O[C@@H](C(=O)[O-])C)cc3)nc2cc1,Herbicida,284
Clc1cc2sc(Oc3ccc(O[C@H](C(OCC)=O)C)cc3)nc2cc1,Herbicida,285
Clc1cc(F)c(N2C(=O)C3=C(CCCC3)C2=O)cc1O[C@@H](C#C)C,Herbicida,286
Clc1cc(ccc1Oc1cc(O[C@@H]2CCOC2)c([N+](=O)[O-])cc1)C(F)(F)F,Herbicida,287
Clc1cc(F)c(N2C(=O)[C@@H]3N(C[C@@H](F)C3)C2=O)cc1NS(=O)(=O)CCl,Herbicida,288
ClCC(=O)N([C@@H](C#C)C)c1ccccc1,Herbicida,289
S(CC)c1nc(nc(n1)NC(C)C)NC(C)C,Herbicida,290
ClC(CSC(=S)N(CC)CC)=C,Herbicida,291
S(CC)C1=NC(=O)N(CC(C)(C)C)C(=O)N1N,Herbicida,292
Brc1ccc(NC(=O)N(C)C)cc1,Herbicida,293
ClCC(=O)N(COC\C=C/C)c1c(cccc1CC)CC,Herbicida,294
O=C1[C@H](C(OC)=O)C(CC(=O)[C@@-]1/C(=N\OCC=C)/CCC)(C)C,Herbicida,295
Clc1cc(cc(F)c1Oc1cc(C(=O)N=S(=O)([O-])CC)c([N+](=O)[O-])cc1)C(F)(F)F,Herbicida,296
O([C@@H](C(=O)N(CC)CC)C)c1c2c(ccc1)cccc2,Herbicida,297
O=C1N(C)C(=NN=C1C(C)(C)C)N(C)C,Herbicida,298
Clc1cc(cc(Cl)c1O)C#N,Herbicida,299
Ic1c(OC(=O)C)c(I)cnc1Cl,Herbicida,300
o1nc(NC(=O)N(C)C)cc1C(C)(C)C,Herbicida,301
Clc1cc(S(=O)(=O)C)c(cc1)C(=O)c1cnoc1C1CC1,Herbicida,302
Clc1cc(Cl)ccc1C(=O)c1c(nn(C)c1OS(=O)(=O)c1ccc(cc1)C)C,Herbicida,303
S(SC(=S)OCC)C(=S)OCC,Herbicida,304
Clc1cc(Cl)c(Cl)cc1O[C@H](C(OCCOCCCC)=O)C,Herbicida,305
ClS(F)(F)#C[C@@H]1C=C(NC(=O)N(C)C)C=C1,Herbicida,306
Clc1ccc(N2C(=O)C=C(N(C)C2=O)C(F)(F)F)cc1C(OC(C)C)=O,Herbicida,307
S(C)C1=NN=C(C(C)(C)C)C(=O)N1\N=C\C(C)C,Herbicida,308
S\1N=C2N(CC(C2)(C)C)/C/1=N/c1cc2N(CC#C)C(=O)COc2cc1F,Herbicida,309
Clc1ccc(Cl)nc1C(=O)[O-],Herbicida,310
S(=O)(=O)(N(C)c1c(cccc1F)C(=O)c1nc(OC)nc(OC)n1)C(F)F,Herbicida,311
Clc1cc(Cl)ccc1OCC(=O)[O-],Herbicida,312
Clc1cc(F)c(N2N=C(N(C(F)F)C2=O)C)cc1C[C@@H](Cl)C(=O)[O-],Herbicida,313
Clc1nc(nc(OC)c1)NC(=O)N=S(=O)([O-])c1ccccc1C(=O)[O-],Herbicida,314
Brc1cc(cc(Br)c1OC(=O)CCC)C#N,Herbicida,315
S(P(OC)(=O)NC(=O)C)C,Insecticida,316
Clc1ncc(cc1)CN(\C(=N\C#N)\C)C,Insecticida,317
FC(F)(F)C(OC(=O)\C=C\C1C(C)(C)C1C(OC(C#N)c1cc(Oc2ccccc2)ccc1)=O)C(F)(F)F,Insecticida,318
S(\C(=N/OC(=O)N(SN(Cc1ccccc1)CCC(OCC)=O)C)\C)C,Insecticida,319
S(C(\C=N\OC(=O)NC)(C)C)C,Insecticida,320
S(=O)(=O)(C(\C=N\OC(=O)NC)(C)C)C,Insecticida,321
ClC12C3C(C4CC3C=C4)C(Cl)(C1(Cl)Cl)C(Cl)=C2Cl,Insecticida,322
O(C(=O)C1C(C)(C)C1\C=C(\C)/C)C1CC(=O)C(CC=C)=C1C,Insecticida,323
Cl\C(\Cl)=C\C1C(C)(C)C1C(OC(C#N)c1cc(Oc2ccccc2)ccc1)=O,Insecticida,324
Clc1cc2OC(=O)N(c2nc1)CSP(OC)(OC)=O,Insecticida,325
S(P(=S)(OCC)OCC)CN1N=Nc2c(cccc2)C1=O,Insecticida,326
S(P(=S)(OC)OC)CN1N=Nc2c(cccc2)C1=O,Insecticida,327
O1c2c(OC1(C)C)cccc2OC(=O)NC,Insecticida,328
S(N(C(C)C)CCC(OCC)=O)N(C(Oc1c2OC(Cc2ccc1)(C)C)=O)C,Insecticida,329
S(SCC(N(C)C)CSS(=O)(=O)c1ccccc1)(=O)(=O)c1ccccc1,Insecticida,330
Cl\C(\Cl)=C\[C@H]1[C@@H](C(O[C@@H](C#N)c2cc(Oc3ccccc3)c(F)cc2)=O)C1(C)C,Insecticida,331
Cl\C(\Cl)=C\[C@H]1[C@@H](C(O[C@H](C#N)c2cc(Oc3ccccc3)ccc2)=O)C1(C)C,Insecticida,332
Cl\C(=C/C1C(C)(C)C1C(OCc1cccc(-c2ccccc2)c1C)=O)\C(F)(F)F,Insecticida,333
O(C(=O)C1C(C)(C)C1\C=C(\C)/C)C1CC(=O)C(CC=C)=C1C,Insecticida,334
o1cc(cc1Cc1ccccc1)COC(=O)C1C(C)(C)C1\C=C(\C)/C,Insecticida,335
BrCC1CC2(Cl)C(Cl)(Cl)C1(Cl)C(Cl)=C2Cl,Insecticida,336
Brc1cc(Cl)c(OP(=S)(OC)OC)cc1Cl,Insecticida,337
Brc1cc(Cl)c(OP(=S)(OCC)OCC)cc1Cl,Insecticida,338
S(C(\C(=N/OC(=O)NC)\C)C)C,Insecticida,339
S(=O)(=O)(C(C(=NOC(=O)NC)C)C)C,Insecticida,340
S(P(SC(CC)C)(OCC)=O)C(CC)C,Insecticida,341
O(C(=O)NC)c1c2c(ccc1)cccc2,Insecticida,342
O1c2c(CC1(C)C)cccc2OC(=O)NC,Insecticida,343
Clc1ccc(SCSP(=S)(OC)OC)cc1,Insecticida,344
S(N(CCCC)CCCC)N(C(Oc1c2OC(Cc2ccc1)(C)C)=O)C,Insecticida,345
S(CC(N(C)C)CSC(=O)N)C(=O)N,Insecticida,346
ClC12C3C(CC(Cl)C3Cl)C(Cl)(C1(Cl)Cl)C(Cl)=C2Cl,Insecticida,347
ClC(OP(=S)(OCC)OCC)C(Cl)(Cl)Cl,Insecticida,348
Clc1cc(Cl)ccc1C(OP(OCC)(OCC)=O)=CCl,Insecticida,349
Clc1cc(NC(=O)NC(=O)c2c(F)cccc2F)cc(Cl)c1Oc1ncc(cc1Cl)C(F)(F)F,Insecticida,350
ClCSP(=S)(OCC)OCC,Insecticida,351
Clc1ccc(cc1)C(O)(C(OCC)=O)c1ccc(Cl)cc1,Insecticida,352
Clc1cc(Cl)c(Cl)nc1OP(=S)(OCC)OCC,Insecticida,353
Clc1cc(Cl)c(Cl)nc1OP(=S)(OC)OC,Insecticida,354
Clc1sc(cn1)CN\C(=N\C)\N[N+](=O)[O-],Insecticida,355
Cl\C(\Cl)=C\C1C(C)(C)C1C(OC(C#N)c1cc(Oc2ccccc2)c(F)cc1)=O,Insecticida,356
Cl\C(=C/C1C(C)(C)C1C(OC(C#N)c1cc(Oc2ccccc2)ccc1)=O)\C(F)(F)F,Insecticida,357
Cl\C(\Cl)=C\C1C(C)(C)C1C(OC(C#N)c1cc(Oc2ccccc2)ccc1)=O,Insecticida,358
S1CN(CN(C)C1=S)C,Insecticida,359
Clc1ccc(cc1)C(C(Cl)(Cl)Cl)c1ccc(Cl)cc1,Insecticida,360
Br\C(\Br)=C\[C@H]1[C@@H](C(O[C@H](C#N)c2cc(Oc3ccccc3)ccc2)=O)C1(C)C,Insecticida,361
S(CCSP(OC)(OC)=O)CC,Insecticida,362
S=P(Oc1nc(nc(c1)C)C(C)C)(OCC)OCC,Insecticida,363
Clc1cc(Cl)ccc1OP(=S)(OCC)OCC,Insecticida,364
Cl\C(\Cl)=C\OP(OC)(OC)=O,Insecticida,365
P(OC)(OC)(O\C(=C\C(=O)N(C)C)\C)=O,Insecticida,366
ClC12C3C(C4C5OC5C3C4)C(Cl)(C1(Cl)Cl)C(Cl)=C2Cl,Insecticida,367
ClC1(C2(Cl)C(Cl)=C(Cl)C(Cl)=C2Cl)C(Cl)=C(Cl)C(Cl)=C1Cl,Insecticida,368
Clc1ccc(NC(=O)NC(=O)c2c(F)cccc2F)cc1,Insecticida,369
P(F)(=O)(N(C)C)N(C)C,Insecticida,370
S(P(=S)(OC)OC)CC(=O)NC,Insecticida,371
O1CCOC1c1ccccc1OC(=O)NC,Insecticida,372
S(CCSP(=S)(OCC)OCC)CC,Insecticida,373
ClC12C3C(COS(OC3)=O)C(Cl)(C1(Cl)Cl)C(Cl)=C2Cl,Insecticida,374
Clc1ccc(cc1)[C@@H](C(C)C)C(O[C@@H](C#N)c1cc(Oc2ccccc2)ccc1)=O,Insecticida,375
S(Cc1ccccc1OC(=O)NC)CC,Insecticida,376
S(P(=S)(OCC)OCC)CSP(=S)(OCC)OCC,Insecticida,377
S(P(SCCC)(OCC)=O)CCC,Insecticida,378
O(c1cc(ccc1)COCC(C)(C)c1ccc(OCC)cc1)c1ccccc1,Insecticida,379
S=P(Oc1nc(nc(OCC)c1)CC)(OC)OC,Insecticida,380
S=P(Oc1cc(C)c([N+](=O)[O-])cc1)(OC)OC,Insecticida,381
S(CCCCOc1ccccc1)C(=O)N(C)C,Insecticida,382
O(c1cc(ccc1)C(OC(=O)C1C(C)(C)C1(C)C)C#N)c1ccccc1,Insecticida,383
S(C)c1ccc(OP(=S)(OC)OC)cc1C,Insecticida,384
Clc1ccc(cc1)C(C(C)C)C(OC(C#N)c1cc(Oc2ccccc2)ccc1)=O,Insecticida,385
Clc1cc(cc(Cl)c1-n1nc(C#N)c(S(=O)C(F)(F)F)c1N)C(F)(F)F,Insecticida,386
Clc1ccc(cc1)/C(=N/OCc1ccc(NC(=O)NC(=O)c2c(F)cccc2F)cc1)/C1CC1,Insecticida,387
FC(F)Oc1ccc(cc1)C(C(C)C)C(OC(C#N)c1cc(Oc2ccccc2)ccc1)=O,Insecticida,388
Clc1cc(ccc1Oc1cc(F)c(NC(=O)NC(=O)c2c(F)cccc2F)cc1)C(F)(F)F,Insecticida,389
O(C(=O)NC)c1cc(\N=C\N(C)C)ccc1,Insecticida,390
S(P(=S)(OC)OC)CC(=O)N(C=O)C,Insecticida,391
S1CCN(P(SC(CC)C)(OCC)=O)C1=O,Insecticida,392
S(N(C(Oc1c2OC(Cc2ccc1)(C)C)=O)C)N(C(OCCCC)=O)C,Insecticida,393
Cl\C(=C/[C@H]1[C@@H](C(O[C@H](C#N)c2cc(Oc3ccccc3)ccc2)=O)C1(C)C)\C(F)(F)F,Insecticida,394
ClC1C(Cl)C(Cl)C(Cl)C(Cl)C1Cl,Insecticida,395
BrC(F)(F)Oc1ccc(cc1)C(COCc1cc(Oc2ccccc2)ccc1)(C)C,Insecticida,396
ClC12C3C(C=CC3Cl)C(Cl)(C1(Cl)Cl)C(Cl)=C2Cl,Insecticida,397
ClC=1C2C(CC=C2)C=1OP(OC)(OC)=O,Insecticida,398
Clc1cc(NC(=O)NC(=O)c2c(F)cccc2F)cc(Cl)c1OC(F)(F)C(F)F,Insecticida,399
Clc1ncc(cc1)CN1CCN=C1N[N+](=O)[O-],Insecticida,400
Ic1cc(Cl)c(OP(=S)(OC)OC)cc1Cl,Insecticida,401
Clc1nc(OP(=S)(OCC)OCC)nn1C(C)C,Insecticida,402
S=P(Oc1ccccc1C(OC(C)C)=O)(OCC)NC(C)C,Insecticida,403
S=P(Oc1noc(c1)-c1ccccc1)(OCC)OCC,Insecticida,404
Cl\C(=C/[C@H]1[C@@H](C(OC(C#N)c2cc(Oc3ccccc3)ccc2)=O)C1(C)C)\C(F)(F)F,Insecticida,405
Clc1cc(OC(F)(F)C(F)C(F)(F)F)c(Cl)cc1NC(=O)NC(=O)c1c(F)cccc1F,Insecticida,406
S(P(=S)(OC)OC)C(CC(OCC)=O)C(OCC)=O,Insecticida,407
S(P(=S)(OCC)OCC)CC(=O)N(C(OCC)=O)C,Insecticida,408
S1\C(\SCC1C)=N\P(OCC)(OCC)=O,Insecticida,409
S(P(OC)(=O)N)C,Insecticida,410
S1C(=O)N(N=C1OC)CSP(=S)(OC)OC,Insecticida,411
S(C)c1c(cc(OC(=O)NC)cc1C)C,Insecticida,412
S(\C(=N\OC(=O)NC)\C)C,Insecticida,413
ClC(Cl)(Cl)C(c1ccc(OC)cc1)c1ccc(OC)cc1,Insecticida,414
P(OC)(OC)(O\C(=C\C(OC)=O)\C)=O,Insecticida,415
BrC(OP(OC)(OC)=O)C(Br)(Cl)Cl,Insecticida,416
Clc1cc(NC(=O)NC(=O)c2c(F)cccc2F)ccc1OC(F)(F)C(F)OC(F)(F)F,Insecticida,417
S(P(OC)(OC)=O)CC(=O)NC,Insecticida,418
S(\C(=N/OC(=O)NC)\C(=O)N(C)C)C,Insecticida,419
S(=O)(CCSP(OC)(OC)=O)CC,Insecticida,420
S=P(Oc1ccc([N+](=O)[O-])cc1)(OCC)OCC,Insecticida,421
S=P(Oc1ccc([N+](=O)[O-])cc1)(OC)OC,Insecticida,422
Clc1c(O)c(Cl)c(Cl)c(Cl)c1Cl,Insecticida,423
ClC(Cl)=CC1C(C)(C)C1C(OCc1cc(Oc2ccccc2)ccc1)=O,Insecticida,424
O(c1cc(ccc1)COC(=O)C1C(C)(C)C1C=C(C)C)c1ccccc1,Insecticida,425
S(P(=S)(OC)OC)C(C(OCC)=O)c1ccccc1,Insecticida,426
S(CC)CSP(=S)(OCC)OCC,Insecticida,427
Clc1cc2OC(=O)N(c2cc1)CSP(=S)(OCC)OCC,Insecticida,428
S(P(=S)(OC)OC)CN1C(=O)c2c(cccc2)C1=O,Insecticida,429
Cl\C(=C(/OP(OC)(OC)=O)\C)\C(=O)N(CC)CC,Insecticida,430
S=P(OCC)(OCC)O\N=C(/C#N)\c1ccccc1,Insecticida,431
O(C(=O)N(C)C)c1nc(nc(C)c1C)N(C)C,Insecticida,432
S=P(Oc1nc(nc(c1)C)N(CC)CC)(OCC)OCC,Insecticida,433
S=P(Oc1nc(nc(c1)C)N(CC)CC)(OC)OC,Insecticida,434
Brc1cc(Cl)c(OP(SCCC)(OCC)=O)cc1,Insecticida,435
O(C(=O)NC)c1cc(cc(c1)C)C(C)C,Insecticida,436
S=P(OC)(O\C(=C/C(OC(C)C)=O)\C)NCC,Insecticida,437
O(C(C)C)c1ccccc1OC(=O)NC,Insecticida,438
Clc1cc(Cl)ccc1OP(SCCC)(=S)OCC,Insecticida,439
S(P(=S)(OCC)OCC)CC(=O)NC(C)C,Insecticida,440
Clc1ccc(-n2ncc(OP(SCCC)(OCC)=O)c2)cc1,Insecticida,441
S=P(OC1=NN(C(=O)C=C1)c1ccccc1)(OCC)OCC,Insecticida,442
S=P(Oc1nc2c(nc1)cccc2)(OCC)OCC,Insecticida,443
o1cc(cc1Cc1ccccc1)COC(=O)C1C(C)(C)C1\C=C(\C)/C,Insecticida,444
S=P(OCC)(OCC)OP(=S)(OCC)OCC,Insecticida,445
S(C)c1ccc(OP(SCCC)(=S)OCC)cc1,Insecticida,446
Clc1cc(ccc1N[C@H](C(C)C)C(OC(C#N)c1cc(Oc2ccccc2)ccc1)=O)C(F)(F)F,Insecticida,447
Clc1c(F)c(NC(=O)NC(=O)c2c(F)cccc2F)cc(Cl)c1F,Insecticida,448
Cl\C(=C/C1C(C)(C)C1C(OCc1c(F)c(F)c(C)c(F)c1F)=O)\C(F)(F)F,Insecticida,449
S(c1ccc(OP(=S)(OC)OC)cc1)c1ccc(OP(=S)(OC)OC)cc1,Insecticida,450
S(C(C)(C)C)CSP(=S)(OCC)OCC,Insecticida,451
Clc1cc(Cl)c(Cl)cc1C(OP(OC)(OC)=O)=CCl,Insecticida,452
O=C1N(COC(=O)C2C(C)(C)C2\C=C(\C)/C)C(=O)C2=C1CCCC2,Insecticida,453
Clc1ncc(cc1)CN/1CCS\C\1=N/C#N,Insecticida,454
Clc1sc(cn1)CN\1COCN(C)/C/1=N\[N+](=O)[O-],Insecticida,455
S(C(=NOC(=O)N(SN(C(ON=C(SC)C)=O)C)C)C)C,Insecticida,456
S(C/C(=N/OC(=O)NC)/C(C)(C)C)C,Insecticida,457
S(CCSP(=S)(OC)OC)CC,Insecticida,458
S=C(N)N,Insecticida,459
BrC(C(Br)(Br)Br)C1C(C)(C)C1C(OC(C#N)c1cc(Oc2ccccc2)ccc1)=O,Insecticida,460
S(CC(OCC)=O)c1nc(nn1C(=O)N(C)C)C(C)(C)C,Insecticida,461
S=P(Oc1ncn(n1)-c1ccccc1)(OCC)OCC,Insecticida,462
ClC(Cl)(Cl)C(P(OC)(OC)=O)O,Insecticida,463
Clc1cc(Cl)c(Cl)cc1OP(=S)(OCC)CC,Insecticida,464
Clc1ccccc1C(=O)NC(=O)Nc1ccc(OC(F)(F)F)cc1,Insecticida,465
O(C(=O)NC)c1cc(C)c(C)c(c1)C,Insecticida,466
S(C(C(=O)NC)C)CCSP(OC)(OC)=O,Insecticida,467
Cl\C(\Cl)=C\C1C(C)(C)C1C(OC(C#N)c1cc(Oc2ccccc2)ccc1)=O,Insecticida,468
S1SSCC(N(C)C)C1.OC(=O)C(O)=O,Insecticida,469
Clc1ccc(cc1)C(C(Cl)Cl)c1ccc(Cl)cc1,Insecticida,470
S(=O)(C)c1ccc(OP(=S)(OC)OC)cc1C,Insecticida,471
S=P(Oc1ccccc1C(OC(C)C)=O)(OC)N,Insecticida,472
Clc1c(cc(cc1NC(=O)NC(=O)c1c(F)cccc1F)C(F)(F)F)C(F)(F)F,Insecticida,473
S=P(Oc1ccc(cc1)C#N)(OC)OC,Insecticida,474
S1SSCC(N(C)C)C1,Insecticida,475
S(P(=S)(OCC)OCC)C1OCCOC1SP(=S)(OCC)OCC,Insecticida,476
ClCC(SP(=S)(OCC)OCC)N1C(=O)c2c(cccc2)C1=O,Insecticida,477
Clc1cc(SC)c(Cl)cc1OP(=S)(OCC)OCC,Insecticida,478
P(OC)(OC)(O\C(=C\C(=O)NC)\C)=O,Insecticida,479
O(c1cc(ccc1)C(OC(=O)C1C(C)(C)C1\C=C(\C)/C)C#N)c1ccccc1,Insecticida,480
O(C(=O)NC)c1ccccc1C(CC)C,Insecticida,481
O(C(=O)NC)c1ccccc1C(C)C,Insecticida,482
O(C(=O)NC)c1cc(cc(c1)C)C,Insecticida,483
S=P(Oc1ccc([N+](=O)[O-])cc1)(OCC)c1ccccc1,Insecticida,484
ClC1(Cl)CC1(C(OC(C#N)c1cc(Oc2ccccc2)ccc1)=O)c1ccc(OCC)cc1,Insecticida,485
O(C(=O)NC)c1cc(C)c(N(C)C)cc1,Insecticida,486
O1CC(CC1)CN\C(=N\C)\N[N+](=O)[O-],Insecticida,487
O(C(=O)NC)c1cc(C)c(N(C)C)c(c1)C,Insecticida,488
Clc1cc(Cl)ccc1C(OP(OC)(OC)=O)=CCl,Insecticida,489
Clc1cc(cc(Cl)c1-n1nc(C#N)c(S(=O)CC)c1N)C(F)(F)F,Insecticida,490
Clc1cc(Cl)c(Cl)cc1OP(=S)(OC)OC,Insecticida,491
O=C1N(COC(=O)C2C(C)(C)C2\C=C(\C)/C)C(=O)N(C1)CC#C,Insecticida,492
S=P(Oc1nccnc1)(OCC)OCC,Insecticida,493
Clc1ccc(OS(=O)(=O)c2ccccc2)cc1,Insecticida,494
S(P(OC)(OC)=O)CC=1OC=C(OC)C(=O)C=1,Insecticida,495
P(OCC)(OCC)(OP(OCC)(OCC)=O)=O,Insecticida,496
S(P(=S)(OC)OC)Cc1nc(nc(n1)N)N,Insecticida,497
Clc1ccc(Cl)cc1SCSP(=S)(OCC)OCC,Insecticida,498
ClC12C3C(C(Cl)(C1(Cl)Cl)C(Cl)=C2Cl)C(Cl)OC3Cl,Insecticida,499
Cl\C(\Cl)=C\C1C(C)(C)C1C(OCc1c(F)c(F)cc(F)c1F)=O,Insecticida,500
Clc1ccccc1/C(=N\OP(=S)(OCC)OCC)/C#N,Insecticida,501
S(=O)(C)c1ccc(OP(=S)(OCC)OCC)cc1,Insecticida,502
ClC12C3(Cl)C4(Cl)C5(Cl)C(Cl)(C1(Cl)C4=O)C2(Cl)C(Cl)(Cl)C35Cl,Insecticida,503
ClC12C3(Cl)C4(Cl)C5(Cl)C(Cl)(C1(Cl)C4(Cl)Cl)C2(Cl)C(Cl)(Cl)C35Cl,Insecticida,504
ClCCOS(O[C@H](COc1ccc(cc1)C(C)(C)C)C)=O,Insecticida,505
S=P(OC)(OC)O\C=C(\C(OC)=O)/C,Insecticida,506
O=C1C[C@H](OC(=O)[C@H]2[C@H](\C=C(\C)/C)C2(C)C)C(C)=C1CC#C,Insecticida,507
Clc1cc(OP(=S)(OC)OC)ccc1[N+](=O)[O-],Insecticida,508
S(S(O)(=O)=O)CC(N(C)C)CSS(O)(=O)=O,Insecticida,509
S(S(=O)(=O)[O-])C[C@H](N(C)C)CSS(O)(=O)=O.[Na+],Insecticida,510
S(S(=O)(=O)[O-])CC(N(C)C)CSS(=O)(=O)[O-].[Na+].[Na+],Insecticida,511
S(P(=S)(OCC)OCC)CC(OCC)=O,Insecticida,512
ClC1(Cl)[C@]2(Cl)C(C)(C)C(=C)[C@@](Cl)(C1(Cl)Cl)C2Cl,Insecticida,513
S(P(=S)(OC)OC)CC(=O)N1CCOCC1,Insecticida,514
Clc1cc(Cl)c(Cl)nc1OP(OC)(OC)=O,Insecticida,515
Brc1cc(Cl)c(OP(=S)(OC)c2ccccc2)cc1Cl,Insecticida,516
S(=O)(=O)(CCSP(OC)(OC)=O)CC,Insecticida,517
ClC=1[C@@]2(Cl)[C@H]3[C@H]([C@H]4C=C[C@@H]3C4)[C@](Cl)(C=1Cl)C2(Cl)Cl,Insecticida,518
S(CCOP(=S)(OCC)OCC)CC.S(CCSP(OCC)(OCC)=O)CC,Insecticida,519
S(CCOP(=S)(OC)OC)CC,Insecticida,520
S(=O)(=O)(CCOP(=S)(OC)OC)CC,Insecticida,521
S=P(Oc1cnc(nc1)C(C)(C)C)(OC(C)C)OCC,Insecticida,522
S(P(=S)(OC)OC)CC(=O)NCCOC,Insecticida,523
O(C(=O)NC)c1cc(ccc1)C(CC)CC.O(C(=O)NC)c1cc(ccc1)[C@@H](CCC)C,Insecticida,524
ClC[C@H](Oc1ccccc1OC(=O)NC)OC,Insecticida,525
O(C(=O)C1C(C)(C)C1C=CC)Cc1ccc(cc1C)C,Insecticida,526
S=P1(OCc2c(O1)cccc2)OC,Insecticida,527
O([C@@H](\C(=C\CC)\C)C#C)C(=O)[C@@H]1[C@H](\C=C(\C)/C)C1(C)C,Insecticida,528
S(P(=S)(OC)OC)CC(=O)NCC,Insecticida,529
ClC1(Cl)C2(Cl)[C@]3(Cl)[C@@]4(Cl)C5(Cl)[C@@](Cl)([C@@]2(Cl)C3(Cl)C5(O)CC(=O)CCC(OCC)=O)C14Cl,Insecticida,530
Clc1ncc(cc1)CN(\C(\NC)=C/[N+](=O)[O-])CC,Insecticida,531
ClC12C3C(COS(OC3)=O)C(Cl)(C1(Cl)Cl)C(Cl)=C2Cl,Insecticida,532
S(=O)(=NC#N)(C(C)c1ccc(nc1)C(F)(F)F)C,Insecticida,533
S=P(Oc1ccccc1C(OC(C)C)=O)(OC)NC(C)C,Insecticida,534
O(C(=O)NC)c1cc(C)c(N(CC=C)CC=C)c(c1)C,Insecticida,535
ClC(Cl)(Cl)C(P(OC)(OC)=O)OC(=O)CCC,Insecticida,536
Clc1c(C)c(ccc1OC(=O)NC)C,Insecticida,537
S(C)c1ccc(OP(OCCC)(OCCC)=O)cc1,Insecticida,538
P(OP(=O)(N(C)C)N(C)C)(=O)(N(C)C)N(C)C,Insecticida,539
S(\C(=N/OC(=O)NC)\C)CCC#N,Insecticida,540
S(P(OCC)(OCC)=O)CCN(CC)CC,Insecticida,541
Clc1cc(ccc1N[C@@H](C(C)C)C(O[C@@H](C#N)c1cc(Oc2ccccc2)ccc1)=O)C(F)(F)F,Insecticida,542
O(C(=O)N(C)C)c1n(nc(c1)C)C(C)C,Insecticida,543
O(C(=O)NC)c1cc(ccc1)C,Insecticida,544
S1CC\C(=C/[C@@H]2[C@H](C(OCc3cc(oc3)Cc3ccccc3)=O)C2(C)C)\C1=O,Insecticida,545
O=C1C[C@H](OC(=O)[C@@H]2[C@H](\C=C(\C)/C)C2(C)C)C(C)=C1[C@@H]1CCC=C1,Insecticida,546
[Si](CCCc1cc(Oc2ccccc2)c(F)cc1)(C)(C)c1ccc(OCC)cc1,Insecticida,547
n1cc(ccc1)[C@H]1NCCC1,Insecticida,548
S(=O)(CCSP(=S)(OCC)OCC)CC,Insecticida,549
Clc1cc(Cl)cc(Cl)c1OP(SCCC)(OCC)=O,Insecticida,550
Fc1c(COC(=O)C2C(C)(C)C2C=C(C#N)C)c(F)c(F)c(COC)c1F,Insecticida,551
FC(F)(F)c1cc(ccc1)C=1C(=O)[n+]2c(N(Cc3cncnc3)C=1[O-])cccc2,Insecticida,552
ClC(Cl)=C[C@H]1[C@H](C(OCc2cc(Oc3ccccc3)ccc2)=O)C1(C)C,Insecticida,553
ClCCOCCCl,Insecticida,554
Clc1c2n(nc1OP(=S)(OCC)OCC)C(=CC=N2)C,Insecticida,555
Cl\C(\Cl)=C\C1C(C)(C)C1C(OCc1cc(Oc2ccccc2)ccc1)=O,Insecticida,556
S=P(Oc1cc2OC(=O)C3=C(CCCC3)c2cc1)(OCC)OCC,Insecticida,557
S(P(=S)(OC)OC)CCNC(=O)C,Insecticida,558
S(CCOP(=S)(OC)OC)C.S(CCSP(OC)(OC)=O)C,Insecticida,559
S(CCOP(=S)(OC)OC)C,Insecticida,560
S(CCSP(OC)(OC)=O)C,Insecticida,561
ClCCCl,Insecticida,562
ClC(Cl)=CC1C(C)(C)C1C(OC(C#N)c1nc(Oc2ccccc2)ccc1)=O,Insecticida,563
Clc1ccccc1N(C(=O)CCC)CSP(=S)(OC)OC,Insecticida,564
Clc1ccc(Oc2cc(ccc2)COCC(C(F)(F)F)c2ccc(OCC)cc2)cc1,Insecticida,565
S(P(OCC)(=O)NC(C)C)CC(=O)N(C)c1ccccc1,Insecticida,566
S(C(C)C)CCSP(=S)(OC)OC,Insecticida,567
S1C(=O)N(N=C1OCC)CSP(=S)(OC)OC,Insecticida,568
S(P(=S)(OC)C)CC(=O)N(C(OC)=O)C,Insecticida,569
[Hg]([Hg]Cl)Cl,Insecticida,570
P(OC(=CC(=O)NCOC)C)(OC)(OC)=O,Insecticida,571
Clc1cccc(Cl)c1C(=O)NC(=O)Nc1ccc(Cl)cc1,Insecticida,572
S1CCSC1=NP(OCC)(OCC)=O,Insecticida,573
O(C(=O)N(C(=O)CCC)C)c1cc(cc(c1)C)C(C)C,Insecticida,574
S1C(=O)N(N=C1OC(C)C)CSP(=S)(OCC)OCC,Insecticida,575
S=P(OCCC)(OCCC)OP(=S)(OCCC)OCCC,Insecticida,576
ClC(Cl)=CC1C(C)(C)C1C(OCc1cc(Oc2ccccc2)ccc1)=O,Insecticida,577
S=P(Oc1cc(nc2c1cccc2)C)(OCC)OCC,Insecticida,578
Cl.O(C(=O)NC)c1cc(\N=C\N(C)C)ccc1,Insecticida,579
ClC=1[C@@]2(Cl)[C@@H]3[C@@H](COS(OC3)=O)[C@@](Cl)(C=1Cl)C2(Cl)Cl,Insecticida,580
Clc1cc(cc(Cl)c1)[C-]1C(=O)N2C(=[N+](Cc3sc(Cl)nc3)C1=O)C(=CC=C2)C,Insecticida,581
Clc1ccccc1Nc1nc(Cl)nc(Cl)n1,Fungicida,582
Clc1cc(Cl)ccc1C1(OCCO1)Cn1ncnc1,Fungicida,583
O(c1ccccc1C#N)c1ncnc(Oc2ccccc2/C(=C\OC)/C(OC)=O)c1,Fungicida,584
Ic1ccccc1C(=O)Nc1ccccc1,Fungicida,585
O([C@H](n1ncnc1)[C@H](O)C(C)(C)C)c1ccc(cc1)-c1ccccc1,Fungicida,586
Clc1ncccc1C(=O)Nc1ccccc1-c1ccc(Cl)cc1,Fungicida,587
Br[C@@H]1C[C@](OC1)(Cn1ncnc1)c1ccc(Cl)cc1Cl,Fungicida,588
ClC(Cl)(Cl)SN1C(=O)[C@H]2[C@H](CC=CC2)C1=O,Fungicida,589
ClC(Cl)(Cl)SN1C(=O)[C@H]2[C@H](CC=CC2)C1=O,Fungicida,590
S1CCOC(C)=C1C(=O)Nc1ccccc1,Fungicida,591
S1c2nc3cc(ccc3nc2SC1=O)C,Fungicida,592
Clc1c(C#N)c(Cl)c(Cl)c(Cl)c1C#N,Fungicida,593
O=C([O-])C,Fungicida,594
O=C([O-])[O-],Fungicida,595
[Cu](Cl)Cl,Fungicida,596
[Cu+2],Fungicida,597
[Cu],Fungicida,598
S(=O)(=O)([O-])[O-],Fungicida,599
Clc1ccc(cc1)[C@@](O)([C@H](C)C1CC1)Cn1ncnc1,Fungicida,600
ClC(Cl)(SN(S(=O)(=O)N(C)C)c1ccccc1)F,Fungicida,601
Clc1cc(Oc2ccc(Cl)cc2)ccc1[C@@]1(O[C@@H](CO1)C)Cn1ncnc1,Fungicida,602
O(Cc1ccccc1/C(=N\OC)/C(=O)NC)c1cc(ccc1C)C,Fungicida,603
Clc1cc(Cl)ccc1\C=C(\n1ncnc1)/[C@H](O)C(C)(C)C,Fungicida,604
S1C2=C(SC(C#N)=C1C#N)C(=O)c1c(cccc1)C2=O,Fungicida,605
[NH+](=C(\N)/N)/CCCCCCCCCCCC,Fungicida,606
Clc1ccccc1[C@H]1O[C@@]1(Cn1ncnc1)c1ccc(F)cc1,Fungicida,607
O1[C@](C)(c2ccc(Oc3ccccc3)cc2)C(=O)N(Nc2ccccc2)C1=O,Fungicida,608
S(C)C1=N[C@@](C)(c2ccccc2)C(=O)N1Nc1ccccc1,Fungicida,609
Clc1ccccc1[C@](O)(c1ccc(Cl)cc1)c1cncnc1,Fungicida,610
Clc1ccc(cc1)CC[C@](C#N)(Cn1ncnc1)c1ccccc1,Fungicida,611
o1ccc(C(=O)Nc2ccccc2)c1C,Fungicida,612
S=C([S-])N(C)C,Fungicida,613
Clc1ccccc1Oc1ncnc(Oc2ccccc2\C(=N/OC)\C=2OCCON=2)c1F,Fungicida,614
Clc1cc(Cl)ccc1N1C(=O)c2cc(F)ccc2N=C1n1ncnc1,Fungicida,615
[Si](Cn1ncnc1)(C)(c1ccc(F)cc1)c1ccc(F)cc1,Fungicida,616
FC(F)(F)c1ccccc1C(=O)Nc1cc(OC(C)C)ccc1,Fungicida,617
Fc1ccccc1[C@](O)(Cn1ncnc1)c1ccc(F)cc1,Fungicida,618
ClC(Cl)(Cl)SN1C(=O)c2c(cccc2)C1=O,Fungicida,619
[NH+](=C(\N)/N)/CCCCCCCC[NH2+]CCCCCCCC\[NH+]=C(\N)/N,Fungicida,620
Clc1cc(Cl)ccc1[C@@](O)(CCCC)Cn1ncnc1,Fungicida,621
Clc1cc(Cl)ccc1[C@H](OCC=C)Cn1ccnc1,Fungicida,622
[NH+](=C(\N)/N)/CCCCCCCC[NH2+]CCCCCCCC\[NH+]=C(\N)/N,Fungicida,623
O(Cc1ccccc1/C(=N\OC)/C(OC)=O)c1ccccc1C,Fungicida,624
S=C([S-])NCCNC(=S)[S-],Fungicida,625
S=C([S-])NCCNC(=S)[S-],Fungicida,626
S=C([S-])NCCNC(=S)[S-],Fungicida,627
O(C(C)C)c1cc(NC(=O)c2ccccc2C)ccc1,Fungicida,628
Clc1ccc(cc1)C[C@H]1CCC(C)(C)[C@@]1(O)Cn1ncnc1,Fungicida,629
S=C([S-])NCCNC(=S)[S-],Fungicida,630
Clc1ccc(cc1)[C@](CCCC)(C#N)Cn1ncnc1,Fungicida,631
Clc1ccccc1[C@@](O)(c1ccc(F)cc1)c1cncnc1,Fungicida,632
S1(=O)(=O)CCOC(C)=C1C(=O)Nc1ccccc1,Fungicida,633
Clc1cc(Cl)ccc1[C@H](CCC)Cn1ncnc1,Fungicida,634
FC(F)(F)c1nc(OCc2ccccc2/C(=C\OC)/C(OC)=O)ccc1,Fungicida,635
Clc1cc(Cl)cc(Cl)c1OCCN(CCC)C(=O)n1ccnc1,Fungicida,636
Clc1cc(Cl)ccc1[C@@]1(O[C@@H](CO1)CCC)Cn1ncnc1,Fungicida,637
S=C([S-])NC[C@@H](NC(=S)[S-])C,Fungicida,638
Clc1ccccc1C[C@](O)(CN1NC=NC1=S)C1(Cl)CC1,Fungicida,639
Clc1ccc(-n2nc(OCc3ccccc3N(OC)C(OC)=O)cc2)cc1,Fungicida,640
Clc1cc(Cl)ccc1/C(=N\OC)/Cc1cccnc1,Fungicida,641
Clc1ccc(cc1)CC[C@](O)(C(C)(C)C)Cn1ncnc1,Fungicida,642
Clc1cc(Cl)ccc1[C@H](Cn1ncnc1)COC(F)(F)C(F)F,Fungicida,643
S(SC(=S)N(C)C)C(=S)N(C)C,Fungicida,644
ClC(Cl)(SN(S(=O)(=O)N(C)C)c1ccc(cc1)C)F,Fungicida,645
Clc1ccc(O[C@@H](n2ncnc2)C(=O)C(C)(C)C)cc1,Fungicida,646
Clc1ccc(O[C@H](n2ncnc2)[C@H](O)C(C)(C)C)cc1,Fungicida,647
FC(F)(F)c1cc(ccc1)/C(=N/OCc1ccccc1/C(=N/OC)/C(OC)=O)/C,Fungicida,648
Clc1cc(C(F)(F)F)c(\N=C(\n2ccnc2)/COCCC)cc1,Fungicida,649
ClC(Cl)(Cl)[C@H]([NH+]1CC[NH+](CC1)[C@H](NC=O)C(Cl)(Cl)Cl)NC=O,Fungicida,650
Clc1ccc(cc1)\C=C\1/CCC(C)(C)[C@@]/1(O)Cn1ncnc1,Fungicida,651
S=C([S-])NCCNC(=S)[S-],Fungicida,652
S=C([S-])N(C)C,Fungicida,653
S1(=O)CCOC(C)=C1C(=O)Nc1ccccc1,Fungicida,654
Clc1cc(Cl)ccc1\N=C(/SCc1ccc(Cl)cc1)\Cn1ncnc1,Fungicida,655
[NH+](=C(\N)/N)/CCCCCCCC[NH2+]CCCCCCCC\[NH+]=C(\N)/N,Fungicida,656
Clc1ccc(cc1)C[C@H]1CC[C@H](C(C)C)[C@]1(O)Cn1ncnc1,Fungicida,657
O(\N=C(\C(=N\OC)\C(=N\OC)\C)/C)Cc1ccccc1/C(=N\OC)/C(=O)NC,Fungicida,658
Clc1cc(Cl)ccc1[C@@]1(O[C@@H](CO1)CC)Cn1ncnc1,Fungicida,659
[Si](C[C@](O)(Cn1ncnc1)c1ccc(F)cc1)(C)(C)C,Fungicida,660
Clc1ccc(cc1)CCC[C@]1(OCC(N1C(=O)n1ccnc1)(C)C)C,Fungicida,661
Clc1n(nc(C)c1C(=O)Nc1c2c(ccc1)C(O[C@@H]2C)(C)C)C,Fungicida,662
Brc1cc(OC(F)(F)F)cc(Br)c1NC(=O)c1sc(nc1C(F)(F)F)C,Fungicida,663
s1ccc(NC(=O)c2cn(nc2C(F)(F)F)C)c1[C@H](CC(C)C)C,Fungicida,664
O(c1ccccc1/C(=N\OC)/C(=O)NC)c1ccccc1,Fungicida,665
Clc1cc(ccc1Cl)-c1cc(F)ccc1NC(=O)c1cn(nc1C(F)F)C,Fungicida,666
Clc1cc(Cl)ccc1C[C@H](n1ncnc1)[C@H](O)C(C)(C)C,Fungicida,667
Clc1cc(cnc1CCNC(=O)c1ccccc1C(F)(F)F)C(F)(F)F,Fungicida,668
FC(F)c1nn(cc1C(=O)Nc1c2[C@H]3CC[C@H](c2ccc1)[C@H]3C(C)C)C,Fungicida,669
o1c(C)c(cc1C)C(=O)N(OC)C1CCCCC1,Fungicida,670
Fc1n(nc(C)c1C(=O)Nc1ccccc1[C@@H](CC(C)C)C)C,Fungicida,671
O(Cc1ccccc1N(OC)C(OC)=O)c1n(nc(-c2ccccc2)c1C)C,Fungicida,672
Clc1ccc(cc1)-c1nn(C)c(OCc2ccccc2/C(=C/OC)/C(OC)=O)c1,Fungicida,673
FC(F)c1nn(cc1C(=O)Nc1ccccc1[C@@H]1C[C@@H]1C1CC1)C,Fungicida,674
S(SC(=S)NN(C)C)C(=S)NN(C)C,Fungicida,675
Fc1c(F)cc(cc1F)-c1ccccc1NC(=O)c1cn(nc1C(F)F)C,Fungicida,676
[NH2+](CCCCCCCCNC(=[NH2+])N)CCCCCCCCNC(=[NH2+])N,Fungicida,677
O1c2c(ccc(OCc3ccccc3/C(=C\OC)/C(OC)=O)c2)C(C)=C(CCCC)C1=O,Fungicida,678
Clc1cc(ccc1OCc1ccccc1/C(=C/OC)/C(OC)=O)C(C)(C)C,Fungicida,679
Clc1cccc(Cl)c1\C=C\C(=N\OCc1ccccc1/C(=N/OC)/C(=O)NC)\C,Fungicida,680
Clc1cc(Cl)c(Cl)nc1OCc1ccccc1N(OC)C(OC)=O,Fungicida,681
Clc1ccc(cc1)[C@@H]1ON(C)[C@@](C1)(C)c1cccnc1,Fungicida,682
ClC(Cl)=C1[C@@H]2c3c([C@@H]1CC2)cccc3NC(=O)c1cn(nc1C(F)F)C,Fungicida,683
O(Cc1ccccc1[C@@H](OC)C(=O)NC)c1cc(ccc1C)C,Fungicida,684
Clc1c(Cl)c(Cl)c2nccnc2c1Cl,Fungicida,685
Oc1c(cccc1C(=O)[O-])-c1ccccc1,Fungicida,686
s1ccc(C)c1C(=O)NC(C(=O)c1ccc(OC(C)C)cc1C)(C)C,Fungicida,687
ClC=1C[C@H](Cl)C(=CC=1)[C@H](n1ncnc1)[C@H]1O[C@H](OCC(F)(F)F)CC1,Fungicida,688
Clc1cc(Cl)ccc1[C@H](n1ncnc1)[C@H]1O[C@H](OCC(F)(F)F)CC1,Fungicida,689
Clc1ccc(cc1)\C=C\C(=N\OCc1ccccc1/C(=C/OC)/C(OC)=O)\C,Fungicida,690
Clc1cc(Cl)ccc1\C=C(/n1ncnc1)\[C@H](O)C(C)(C)C,Fungicida,691
ClC1=C(Cl)C(=O)N(C1=O)c1ccc(F)cc1,Fungicida,692
Clc1cc(Cl)cc(Cl)c1C[C@H](N(OC)C(=O)c1cn(nc1C(F)F)C)C,Fungicida,693
Fc1cc(ccc1F)-c1ccccc1NC(=O)c1nccnc1C(F)(F)F,Fungicida,694
Clc1cc(Cl)ccc1[C@](O)(CCCC)Cn1ncnc1,Fungicida,695
Clc1cc(Cl)ccc1[C@@](O)(CCCC)Cn1ncnc1,Fungicida,696
Fc1ccccc1[C@@H](Cn1ncnc1)c1ccc(F)cc1,Fungicida,697
Fc1ccccc1[C@](O)(Cn1ncnc1)c1ccc(F)cc1,Fungicida,698
